node, front, label
0, 20, 1
1, 0, 240
2, 22, 243
3, 19, 246
4, 4, 4
5, 8, 242
6, 21, 244
7, 14, 241
8, 11, 5
9, 27, 245
10, 34, 248
11, 24, 8
12, 56, 247
13, 50, 223
14, 51, 7
15, 47, 216
16, 48, 219
17, 49, 222
18, 58, 218
19, 149, 3
20, 139, 0
21, 138, 6
22, 145, 2
23, 133, 250
24, 57, 11
25, 128, 227
26, 46, 225
27, 43, 9
28, 39, 249
29, 70, 220
30, 103, 217
31, 69, 221
32, 68, 224
33, 104, 226
34, 67, 10
35, 65, 175
36, 106, 75
37, 107, 77
38, 105, 42
39, 85, 28
40, 87, 69
41, 66, 44
42, 38, 78
43, 86, 27
44, 41, 67
45, 234, 66
46, 92, 26
47, 96, 15
48, 93, 16
49, 97, 17
50, 98, 13
51, 94, 14
52, 95, 65
53, 151, 68
54, 142, 63
55, 143, 64
56, 147, 12
57, 135, 24
58, 89, 18
59, 131, 79
60, 90, 89
61, 100, 86
62, 99, 92
63, 54, 93
64, 55, 95
65, 52, 35
66, 45, 41
67, 44, 34
68, 53, 32
69, 40, 31
70, 148, 29
71, 137, 128
72, 136, 120
73, 144, 117
74, 132, 116
75, 36, 115
76, 129, 118
77, 37, 114
78, 42, 119
79, 59, 126
80, 91, 129
81, 82, 130
82, 102, 81
83, 83, 83
84, 109, 85
85, 84, 39
86, 61, 43
87, 101, 40
88, 88, 88
89, 60, 58
90, 110, 60
91, 111, 80
92, 62, 46
93, 63, 48
94, 108, 51
95, 64, 52
96, 233, 47
97, 119, 49
98, 117, 50
99, 121, 62
100, 118, 61
101, 125, 87
102, 120, 82
103, 115, 30
104, 123, 33
105, 116, 38
106, 122, 36
107, 126, 37
108, 127, 94
109, 112, 84
110, 113, 90
111, 124, 91
112, 114, 109
113, 235, 110
114, 77, 112
115, 75, 103
116, 74, 105
117, 73, 98
118, 76, 100
119, 78, 97
120, 72, 102
121, 150, 99
122, 140, 106
123, 141, 104
124, 146, 111
125, 134, 101
126, 79, 107
127, 130, 108
128, 71, 25
129, 80, 76
130, 81, 127
131, 192, 59
132, 193, 74
133, 191, 23
134, 178, 125
135, 209, 57
136, 231, 72
137, 232, 71
138, 210, 21
139, 208, 20
140, 207, 122
141, 176, 123
142, 199, 54
143, 177, 55
144, 213, 73
145, 200, 22
146, 201, 124
147, 214, 56
148, 196, 70
149, 197, 19
150, 195, 121
151, 198, 53
152, 194, 198
153, 180, 197
154, 206, 213
155, 181, 195
156, 202, 188
157, 179, 187
158, 203, 189
159, 190, 206
160, 204, 202
161, 188, 199
162, 187, 200
163, 205, 201
164, 236, 182
165, 166, 183
166, 167, 165
167, 221, 166
168, 169, 171
169, 170, 168
170, 182, 169
171, 168, 203
172, 219, 205
173, 211, 209
174, 212, 180
175, 35, 181
176, 184, 141
177, 189, 143
178, 216, 134
179, 215, 157
180, 174, 153
181, 175, 155
182, 164, 170
183, 165, 207
184, 222, 176
185, 223, 212
186, 224, 211
187, 157, 162
188, 156, 161
189, 158, 177
190, 225, 159
191, 226, 133
192, 227, 131
193, 238, 132
194, 237, 152
195, 155, 150
196, 228, 148
197, 153, 149
198, 152, 151
199, 161, 142
200, 162, 145
201, 163, 146
202, 160, 156
203, 171, 158
204, 220, 160
205, 172, 163
206, 159, 154
207, 183, 140
208, 217, 139
209, 173, 135
210, 218, 138
211, 186, 173
212, 185, 174
213, 154, 144
214, 229, 147
215, 230, 179
216, 15, 178
217, 30, 208
218, 18, 210
219, 16, 172
220, 29, 204
221, 31, 167
222, 17, 184
223, 13, 185
224, 32, 186
225, 26, 190
226, 33, 191
227, 25, 192
228, 240, 196
229, 241, 214
230, 244, 215
231, 239, 136
232, 242, 137
233, 245, 96
234, 243, 45
235, 247, 113
236, 246, 164
237, 249, 194
238, 250, 193
239, 248, 231
240, 1, 228
241, 7, 229
242, 5, 232
243, 2, 234
244, 6, 230
245, 9, 233
246, 3, 236
247, 12, 235
248, 10, 239
249, 28, 237
250, 23, 238
251, 320, 440
252, 310, 404
253, 374, 353
254, 298, 287
255, 318, 357
256, 300, 291
257, 330, 373
258, 378, 307
259, 382, 341
260, 270, 275
261, 308, 445
262, 346, 409
263, 386, 379
264, 314, 313
265, 340, 420
266, 334, 384
267, 358, 375
268, 350, 309
269, 302, 326
270, 352, 260
271, 364, 449
272, 336, 413
273, 425, 451
274, 390, 415
275, 260, 432
276, 429, 396
277, 431, 436
278, 368, 400
279, 338, 453
280, 400, 417
281, 392, 439
282, 304, 403
283, 342, 434
284, 408, 398
285, 366, 448
286, 432, 412
287, 254, 428
288, 348, 392
289, 394, 429
290, 306, 393
291, 256, 425
292, 404, 389
293, 370, 372
294, 414, 306
295, 412, 421
296, 447, 385
297, 448, 320
298, 450, 254
299, 444, 322
300, 446, 256
301, 451, 335
302, 449, 269
303, 452, 348
304, 453, 282
305, 445, 356
306, 294, 290
307, 258, 327
308, 396, 261
309, 268, 318
310, 344, 252
311, 402, 430
312, 372, 394
313, 264, 330
314, 410, 264
315, 416, 423
316, 454, 387
317, 319, 321
318, 309, 255
319, 373, 317
320, 297, 251
321, 317, 422
322, 299, 386
323, 329, 435
324, 377, 399
325, 381, 431
326, 269, 395
327, 307, 419
328, 345, 383
329, 385, 323
330, 313, 257
331, 339, 438
332, 333, 402
333, 357, 332
334, 349, 266
335, 301, 338
336, 351, 272
337, 363, 345
338, 335, 279
339, 417, 331
340, 389, 265
341, 259, 349
342, 421, 283
343, 423, 376
344, 367, 310
345, 337, 328
346, 399, 262
347, 391, 354
348, 303, 288
349, 341, 334
350, 407, 268
351, 365, 336
352, 424, 270
353, 253, 442
354, 347, 406
355, 393, 437
356, 305, 401
357, 255, 333
358, 403, 267
359, 369, 424
360, 413, 388
361, 411, 441
362, 436, 405
363, 437, 337
364, 439, 271
365, 433, 351
366, 435, 285
367, 440, 344
368, 438, 278
369, 441, 359
370, 442, 293
371, 434, 378
372, 293, 312
373, 257, 319
374, 395, 253
375, 267, 450
376, 343, 414
377, 401, 324
378, 371, 258
379, 263, 427
380, 409, 391
381, 415, 325
382, 443, 259
383, 328, 433
384, 266, 397
385, 296, 329
386, 322, 263
387, 316, 444
388, 360, 408
389, 292, 340
390, 398, 274
391, 380, 347
392, 288, 281
393, 290, 355
394, 312, 289
395, 326, 374
396, 276, 308
397, 384, 426
398, 284, 390
399, 324, 346
400, 278, 280
401, 356, 377
402, 332, 311
403, 282, 358
404, 252, 292
405, 362, 452
406, 354, 416
407, 422, 350
408, 388, 284
409, 262, 380
410, 420, 314
411, 419, 361
412, 286, 295
413, 272, 360
414, 376, 294
415, 274, 381
416, 406, 315
417, 280, 339
418, 418, 418
419, 327, 411
420, 265, 410
421, 295, 342
422, 321, 407
423, 315, 343
424, 359, 352
425, 291, 273
426, 397, 454
427, 379, 447
428, 287, 446
429, 289, 276
430, 311, 443
431, 325, 277
432, 275, 286
433, 383, 365
434, 283, 371
435, 323, 366
436, 277, 362
437, 355, 363
438, 331, 368
439, 281, 364
440, 251, 367
441, 361, 369
442, 353, 370
443, 430, 382
444, 387, 299
445, 261, 305
446, 428, 300
447, 427, 296
448, 285, 297
449, 271, 302
450, 375, 298
451, 273, 301
452, 405, 303
453, 279, 304
454, 426, 316
455, 476, 1406
456, 474, 1198
457, 461, 1177
458, 1920, 1180
459, 475, 502
460, 470, 499
461, 1072, 457
462, 552, 686
463, 748, 1176
464, 761, 1179
465, 778, 501
466, 772, 498
467, 774, 1175
468, 843, 497
469, 831, 1201
470, 813, 460
471, 2324, 1196
472, 3556, 1197
473, 3477, 1200
474, 3476, 456
475, 3473, 459
476, 517, 455
477, 521, 731
478, 528, 689
479, 1965, 2144
480, 546, 1976
481, 548, 1913
482, 1105, 1934
483, 961, 1978
484, 997, 1915
485, 1021, 1977
486, 1045, 1914
487, 1069, 1936
488, 949, 1935
489, 924, 1981
490, 897, 1918
491, 876, 1980
492, 819, 1917
493, 3373, 1939
494, 3361, 1938
495, 3354, 1284
496, 3351, 564
497, 468, 1282
498, 466, 562
499, 460, 1281
500, 1956, 561
501, 465, 1280
502, 459, 560
503, 1096, 794
504, 951, 1285
505, 987, 565
506, 1011, 1443
507, 1035, 1473
508, 1059, 1410
509, 939, 1515
510, 915, 1474
511, 891, 1411
512, 867, 1516
513, 808, 1431
514, 3365, 1432
515, 3329, 1433
516, 3328, 1217
517, 3327, 476
518, 721, 1955
519, 712, 710
520, 724, 1218
521, 1939, 477
522, 733, 1956
523, 730, 1172
524, 1091, 983
525, 727, 941
526, 755, 1046
527, 766, 1219
528, 793, 478
529, 798, 1957
530, 796, 984
531, 850, 942
532, 838, 1047
533, 826, 943
534, 2330, 985
535, 3562, 1048
536, 3542, 987
537, 3541, 945
538, 3552, 1050
539, 737, 946
540, 735, 988
541, 739, 1051
542, 1941, 1005
543, 743, 1452
544, 745, 1453
545, 1093, 1221
546, 741, 480
547, 757, 1959
548, 769, 481
549, 801, 1222
550, 803, 1960
551, 805, 1203
552, 853, 462
553, 841, 1941
554, 829, 1476
555, 2334, 1413
556, 3566, 1518
557, 3540, 1477
558, 3543, 1414
559, 3554, 1519
560, 502, 1436
561, 500, 1435
562, 498, 1434
563, 1960, 1455
564, 496, 1456
565, 505, 1437
566, 1100, 752
567, 956, 1472
568, 992, 1409
569, 1016, 1514
570, 1040, 1430
571, 1064, 1004
572, 942, 1451
573, 917, 1006
574, 893, 733
575, 871, 691
576, 809, 732
577, 3366, 690
578, 3333, 796
579, 3335, 795
580, 3331, 753
581, 2020, 711
582, 2004, 712
583, 1988, 754
584, 1976, 755
585, 2044, 736
586, 1810, 694
587, 2102, 735
588, 1828, 693
589, 1836, 798
590, 1832, 799
591, 1818, 714
592, 1624, 715
593, 1792, 761
594, 1717, 1442
595, 1712, 1441
596, 2074, 1439
597, 2083, 1440
598, 3454, 1438
599, 3467, 1445
600, 3427, 1444
601, 3423, 1011
602, 1394, 1008
603, 1401, 1009
604, 1379, 758
605, 1952, 757
606, 1474, 756
607, 1467, 760
608, 1555, 759
609, 1559, 762
610, 1576, 767
611, 1583, 766
612, 1569, 764
613, 1499, 765
614, 1484, 763
615, 1330, 1502
616, 1337, 782
617, 1345, 1728
618, 2337, 1665
619, 3575, 1686
620, 3579, 1770
621, 3583, 1707
622, 3605, 1749
623, 2748, 1260
624, 2712, 2019
625, 2736, 1494
626, 2724, 774
627, 2780, 1259
628, 2768, 773
629, 2835, 2018
630, 1635, 1493
631, 1650, 1685
632, 1688, 1748
633, 1674, 1663
634, 1681, 1726
635, 1666, 1684
636, 1659, 1768
637, 1359, 1705
638, 1366, 1747
639, 1352, 1725
640, 3404, 1662
641, 3321, 1683
642, 3320, 1767
643, 3388, 1746
644, 3170, 1704
645, 3174, 1724
646, 3154, 1661
647, 3202, 1682
648, 3232, 1766
649, 3132, 1703
650, 2998, 1745
651, 3017, 1688
652, 3039, 1751
653, 3054, 1666
654, 3073, 1729
655, 3094, 1687
656, 2985, 1771
657, 3119, 1708
658, 2872, 1750
659, 2394, 1496
660, 2376, 776
661, 3438, 1261
662, 3830, 2020
663, 3380, 1495
664, 3408, 775
665, 2689, 1694
666, 2659, 1757
667, 2400, 1695
668, 2669, 1758
669, 2683, 1690
670, 2414, 1753
671, 2431, 1689
672, 2449, 1752
673, 2469, 1754
674, 2489, 1691
675, 2509, 1692
676, 2529, 1755
677, 2549, 1693
678, 2570, 1756
679, 2591, 1697
680, 2609, 1760
681, 2622, 1696
682, 3740, 1759
683, 3760, 1501
684, 3778, 781
685, 3800, 1266
686, 462, 2025
687, 1944, 1500
688, 1108, 780
689, 478, 1499
690, 577, 779
691, 575, 1263
692, 1928, 2022
693, 588, 1497
694, 586, 777
695, 1079, 1264
696, 968, 2023
697, 980, 1498
698, 1004, 778
699, 1028, 1503
700, 1052, 783
701, 932, 788
702, 908, 1508
703, 880, 787
704, 856, 1507
705, 2312, 1504
706, 3494, 784
707, 3493, 1505
708, 3492, 785
709, 3491, 1506
710, 519, 786
711, 581, 1239
712, 582, 519
713, 1930, 1998
714, 591, 962
715, 592, 963
716, 1081, 964
717, 970, 966
718, 982, 967
719, 1006, 969
720, 1030, 1238
721, 1054, 518
722, 934, 1997
723, 910, 1240
724, 882, 520
725, 858, 1999
726, 2315, 1245
727, 3505, 525
728, 3506, 2004
729, 3504, 1243
730, 3503, 523
731, 477, 2002
732, 576, 1242
733, 574, 522
734, 1927, 2001
735, 587, 540
736, 585, 1026
737, 1078, 539
738, 967, 1025
739, 979, 541
740, 1003, 1027
741, 1027, 546
742, 1051, 1032
743, 931, 543
744, 907, 1029
745, 879, 544
746, 855, 1030
747, 2313, 1204
748, 3498, 463
749, 3497, 1942
750, 3496, 1012
751, 3495, 1267
752, 566, 2026
753, 580, 970
754, 583, 1246
755, 584, 526
756, 606, 2005
757, 605, 547
758, 604, 1033
759, 608, 1013
760, 607, 1205
761, 593, 464
762, 609, 1943
763, 614, 1268
764, 612, 2027
765, 613, 1247
766, 611, 527
767, 610, 2006
768, 2360, 971
769, 3694, 548
770, 3693, 1034
771, 3692, 1207
772, 3699, 466
773, 628, 1208
774, 626, 467
775, 664, 1945
776, 660, 1946
777, 694, 1206
778, 698, 465
779, 690, 1944
780, 688, 1014
781, 684, 1015
782, 616, 1016
783, 700, 1269
784, 706, 2028
785, 708, 1270
786, 710, 2029
787, 703, 1271
788, 701, 2030
789, 2362, 973
790, 3700, 974
791, 3690, 972
792, 3691, 1248
793, 3708, 528
794, 503, 2007
795, 579, 1250
796, 578, 530
797, 1929, 1249
798, 589, 529
799, 590, 2008
800, 1080, 2009
801, 969, 549
802, 981, 1035
803, 1005, 550
804, 1029, 1036
805, 1053, 551
806, 933, 1037
807, 909, 1191
808, 881, 513
809, 857, 576
810, 2314, 1296
811, 3501, 1929
812, 3500, 1992
813, 3502, 470
814, 3499, 1211
815, 2027, 1949
816, 2012, 957
817, 1996, 999
818, 1968, 1062
819, 2052, 492
820, 1880, 1233
821, 2110, 1971
822, 1896, 1019
823, 1904, 1274
824, 1900, 2033
825, 1888, 977
826, 1856, 533
827, 1872, 1253
828, 1868, 2012
829, 1709, 554
830, 2071, 1040
831, 2356, 469
832, 3636, 1210
833, 3644, 1948
834, 3620, 1018
835, 3616, 1273
836, 1398, 2032
837, 1405, 976
838, 1383, 532
839, 1464, 1252
840, 1478, 2011
841, 1471, 553
842, 1552, 1039
843, 1563, 468
844, 1573, 1209
845, 1580, 1947
846, 1566, 1017
847, 1496, 1272
848, 1481, 2031
849, 1328, 975
850, 1334, 531
851, 1341, 1251
852, 2366, 2010
853, 3712, 552
854, 3715, 1038
855, 3719, 746
856, 3730, 704
857, 2760, 809
858, 2934, 725
859, 2974, 1487
860, 2954, 1424
861, 2914, 1529
862, 2894, 1466
863, 2831, 1739
864, 1631, 1676
865, 1647, 1781
866, 1685, 1718
867, 1671, 512
868, 1679, 1190
869, 1664, 1991
870, 1656, 1928
871, 1356, 575
872, 1363, 1295
873, 2340, 956
874, 3586, 998
875, 3648, 1061
876, 3673, 491
877, 3656, 1232
878, 3189, 1970
879, 3215, 745
880, 3317, 703
881, 3224, 808
882, 3246, 724
883, 3146, 1486
884, 3292, 1423
885, 3013, 1528
886, 3035, 1465
887, 3300, 1738
888, 3069, 1675
889, 3092, 1780
890, 3285, 1717
891, 3116, 511
892, 2869, 1189
893, 3274, 574
894, 2386, 1294
895, 3628, 1990
896, 3842, 1927
897, 3676, 490
898, 3662, 1231
899, 2704, 1969
900, 2926, 997
901, 2966, 955
902, 2946, 1060
903, 2909, 1485
904, 2890, 1422
905, 2428, 1527
906, 2446, 1464
907, 2466, 744
908, 2486, 702
909, 2506, 807
910, 2527, 723
911, 2547, 1737
912, 2568, 1674
913, 2588, 1779
914, 2606, 1716
915, 2632, 510
916, 3750, 1188
917, 3770, 573
918, 3789, 1293
919, 3812, 1989
920, 2699, 1926
921, 2921, 996
922, 2961, 954
923, 2941, 1059
924, 2901, 489
925, 2881, 1230
926, 1111, 1968
927, 1114, 1484
928, 1117, 1421
929, 1120, 1526
930, 1123, 1463
931, 1126, 743
932, 1129, 701
933, 1132, 806
934, 1138, 722
935, 1135, 1736
936, 1141, 1673
937, 2264, 1778
938, 2300, 1715
939, 2309, 509
940, 2304, 1187
941, 525, 1292
942, 531, 572
943, 533, 1988
944, 1962, 1925
945, 537, 995
946, 539, 953
947, 1101, 1058
948, 958, 1229
949, 994, 488
950, 1018, 1967
951, 1042, 504
952, 1066, 1182
953, 946, 1983
954, 922, 1920
955, 901, 1287
956, 873, 567
957, 816, 990
958, 3370, 948
959, 3357, 1053
960, 3347, 1224
961, 3344, 483
962, 714, 1962
963, 715, 1479
964, 716, 1416
965, 1937, 1521
966, 717, 1458
967, 718, 738
968, 1089, 696
969, 719, 801
970, 753, 717
971, 768, 1731
972, 791, 1668
973, 789, 1773
974, 790, 1710
975, 849, 1480
976, 837, 1417
977, 825, 1522
978, 2333, 1459
979, 3565, 739
980, 3549, 697
981, 3547, 802
982, 3546, 718
983, 524, 1732
984, 530, 1669
985, 534, 1774
986, 1961, 1711
987, 536, 505
988, 540, 1183
989, 1102, 1984
990, 957, 1921
991, 993, 1288
992, 1017, 568
993, 1041, 991
994, 1065, 949
995, 945, 1054
996, 921, 1225
997, 900, 484
998, 874, 1963
999, 817, 1481
1000, 3371, 1418
1001, 3358, 1523
1002, 3348, 1460
1003, 3345, 740
1004, 571, 698
1005, 542, 803
1006, 573, 719
1007, 1926, 1733
1008, 602, 1670
1009, 603, 1775
1010, 1082, 1712
1011, 601, 506
1012, 750, 1184
1013, 759, 1985
1014, 780, 1922
1015, 781, 1289
1016, 782, 569
1017, 846, 992
1018, 834, 950
1019, 822, 1055
1020, 2327, 1226
1021, 3559, 485
1022, 3490, 1964
1023, 3488, 1482
1024, 3518, 1419
1025, 738, 1524
1026, 736, 1461
1027, 740, 741
1028, 1942, 699
1029, 744, 804
1030, 746, 720
1031, 1094, 1734
1032, 742, 1671
1033, 758, 1776
1034, 770, 1713
1035, 802, 507
1036, 804, 1185
1037, 806, 1986
1038, 854, 1923
1039, 842, 1290
1040, 830, 570
1041, 2335, 993
1042, 3567, 951
1043, 3550, 1056
1044, 3548, 1227
1045, 3555, 486
1046, 526, 1965
1047, 532, 1483
1048, 535, 1420
1049, 1963, 1525
1050, 538, 1462
1051, 541, 742
1052, 1103, 700
1053, 959, 805
1054, 995, 721
1055, 1019, 1735
1056, 1043, 1672
1057, 1067, 1777
1058, 947, 1714
1059, 923, 508
1060, 902, 1186
1061, 875, 1987
1062, 818, 1924
1063, 3372, 1291
1064, 3359, 571
1065, 3349, 994
1066, 3346, 952
1067, 2022, 1057
1068, 2006, 1228
1069, 1990, 487
1070, 1978, 1966
1071, 2046, 1202
1072, 1812, 461
1073, 2104, 1940
1074, 1830, 1478
1075, 1838, 1415
1076, 1834, 1520
1077, 1820, 1457
1078, 1626, 737
1079, 1794, 695
1080, 1720, 800
1081, 1715, 716
1082, 2077, 1010
1083, 2086, 1667
1084, 3457, 1730
1085, 3469, 1772
1086, 3429, 1709
1087, 3425, 1265
1088, 1396, 2024
1089, 1403, 968
1090, 1381, 1244
1091, 1954, 524
1092, 1476, 2003
1093, 1469, 545
1094, 1557, 1031
1095, 1561, 1181
1096, 1578, 503
1097, 1585, 1982
1098, 1571, 1919
1099, 1501, 1286
1100, 1486, 566
1101, 1333, 947
1102, 1340, 989
1103, 1347, 1052
1104, 2339, 1223
1105, 3577, 482
1106, 3581, 1961
1107, 3585, 1408
1108, 3608, 688
1109, 2750, 2146
1110, 2714, 1174
1111, 2738, 926
1112, 2726, 1646
1113, 2782, 1898
1114, 2770, 927
1115, 2837, 1647
1116, 1637, 1899
1117, 1653, 928
1118, 1691, 1648
1119, 1677, 1900
1120, 1684, 929
1121, 1669, 1649
1122, 1661, 1901
1123, 1362, 930
1124, 1369, 1650
1125, 1355, 1902
1126, 3407, 931
1127, 3360, 1651
1128, 3350, 1903
1129, 3391, 932
1130, 3172, 1652
1131, 3176, 1904
1132, 3156, 933
1133, 3204, 1653
1134, 3234, 1905
1135, 3134, 935
1136, 3000, 1655
1137, 3019, 1907
1138, 3041, 934
1139, 3056, 1654
1140, 3075, 1906
1141, 3097, 936
1142, 2988, 1656
1143, 3121, 1908
1144, 2875, 3639
1145, 2397, 3618
1146, 2379, 3660
1147, 3441, 3429
1148, 3833, 3555
1149, 3383, 3554
1150, 3411, 3428
1151, 2692, 3723
1152, 2662, 3722
1153, 2403, 3492
1154, 2672, 3471
1155, 2686, 3470
1156, 2417, 3638
1157, 2434, 3617
1158, 2452, 3659
1159, 2472, 3491
1160, 2492, 3681
1161, 2512, 3576
1162, 2532, 3744
1163, 2552, 3702
1164, 2573, 3575
1165, 2594, 3680
1166, 2612, 3743
1167, 2625, 3701
1168, 3743, 3431
1169, 3763, 3557
1170, 3781, 3725
1171, 3803, 3641
1172, 523, 3620
1173, 1946, 3662
1174, 1110, 3494
1175, 467, 3473
1176, 463, 3683
1177, 457, 3578
1178, 1955, 3746
1179, 464, 3704
1180, 458, 3642
1181, 1095, 3621
1182, 952, 3663
1183, 988, 3432
1184, 1012, 3558
1185, 1036, 3726
1186, 1060, 3495
1187, 940, 3474
1188, 916, 3684
1189, 892, 3579
1190, 868, 3747
1191, 807, 3705
1192, 3364, 3643
1193, 3324, 3622
1194, 3323, 3664
1195, 3322, 3433
1196, 471, 3559
1197, 472, 3727
1198, 456, 3496
1199, 1919, 3475
1200, 473, 3685
1201, 469, 3580
1202, 1071, 3748
1203, 551, 3706
1204, 747, 3645
1205, 760, 3624
1206, 777, 3666
1207, 771, 3498
1208, 773, 3435
1209, 844, 3561
1210, 832, 3729
1211, 814, 3477
1212, 2325, 3687
1213, 3557, 3582
1214, 3475, 3750
1215, 3474, 3708
1216, 3472, 3646
1217, 516, 3625
1218, 520, 3667
1219, 527, 3499
1220, 1964, 3436
1221, 545, 3562
1222, 549, 3730
1223, 1104, 3478
1224, 960, 3688
1225, 996, 3583
1226, 1020, 3751
1227, 1044, 3709
1228, 1068, 3438
1229, 948, 3564
1230, 925, 3732
1231, 898, 3648
1232, 877, 3627
1233, 820, 3669
1234, 3374, 3501
1235, 3362, 3480
1236, 3355, 3690
1237, 3352, 3585
1238, 720, 3753
1239, 711, 3711
1240, 723, 3439
1241, 1938, 3565
1242, 732, 3733
1243, 729, 3481
1244, 1090, 3649
1245, 726, 3628
1246, 754, 3670
1247, 765, 3502
1248, 792, 3586
1249, 797, 3691
1250, 795, 3754
1251, 851, 3712
1252, 839, 3651
1253, 827, 3630
1254, 2331, 3672
1255, 3563, 3441
1256, 3538, 3567
1257, 3539, 3735
1258, 3551, 3504
1259, 627, 3483
1260, 623, 3588
1261, 661, 3693
1262, 1935, 3756
1263, 691, 3714
1264, 695, 3652
1265, 1087, 3631
1266, 685, 3442
1267, 751, 3568
1268, 763, 3736
1269, 783, 3673
1270, 785, 3505
1271, 787, 3484
1272, 847, 3589
1273, 835, 3694
1274, 823, 3757
1275, 2328, 3715
1276, 3560, 3444
1277, 3478, 3570
1278, 3479, 3738
1279, 3532, 3654
1280, 501, 3633
1281, 499, 3675
1282, 497, 3507
1283, 1959, 3486
1284, 495, 3696
1285, 504, 3591
1286, 1099, 3759
1287, 955, 3717
1288, 991, 3448
1289, 1015, 3574
1290, 1039, 3742
1291, 1063, 3490
1292, 941, 3637
1293, 918, 3658
1294, 894, 3679
1295, 872, 3511
1296, 810, 3700
1297, 3367, 3595
1298, 3332, 3763
1299, 3334, 3721
1300, 3330, 3805
1301, 2019, 3616
1302, 2003, 3826
1303, 1987, 3532
1304, 1975, 3790
1305, 2043, 3601
1306, 1809, 3811
1307, 2101, 3517
1308, 1827, 3459
1309, 1835, 3837
1310, 1831, 3774
1311, 1817, 3543
1312, 1623, 3840
1313, 1791, 3462
1314, 1718, 3777
1315, 1713, 3546
1316, 2075, 3841
1317, 2084, 3463
1318, 3455, 3778
1319, 3466, 3547
1320, 3426, 2684
1321, 3422, 2747
1322, 1393, 2768
1323, 1400, 2663
1324, 1378, 2726
1325, 1951, 2789
1326, 1473, 2705
1327, 1466, 1569
1328, 1554, 849
1329, 1558, 1821
1330, 1575, 615
1331, 1582, 1335
1332, 1568, 2073
1333, 1498, 1101
1334, 1483, 850
1335, 1331, 1570
1336, 1338, 1822
1337, 1344, 616
1338, 2336, 1336
1339, 3574, 2074
1340, 3578, 1102
1341, 3582, 851
1342, 3606, 1571
1343, 2747, 1823
1344, 2711, 1337
1345, 2735, 617
1346, 2723, 2075
1347, 2779, 1103
1348, 2767, 3465
1349, 2834, 3843
1350, 1634, 3780
1351, 1651, 3549
1352, 1689, 639
1353, 1675, 1359
1354, 1682, 2097
1355, 1667, 1125
1356, 1658, 871
1357, 1360, 1591
1358, 1367, 1843
1359, 1353, 637
1360, 3405, 1357
1361, 3325, 2095
1362, 3326, 1123
1363, 3389, 872
1364, 3169, 1592
1365, 3173, 1844
1366, 3153, 638
1367, 3201, 1358
1368, 3231, 2096
1369, 3131, 1124
1370, 2997, 3838
1371, 3016, 3460
1372, 3038, 3775
1373, 3053, 3544
1374, 3072, 3454
1375, 3095, 3832
1376, 2986, 3769
1377, 3118, 3538
1378, 2873, 1324
1379, 2395, 604
1380, 2377, 2062
1381, 3439, 1090
1382, 3831, 1558
1383, 3381, 838
1384, 3409, 1810
1385, 2690, 3452
1386, 2660, 3830
1387, 2401, 3767
1388, 2670, 3536
1389, 2684, 3453
1390, 2415, 3831
1391, 2432, 3768
1392, 2450, 3537
1393, 2470, 1322
1394, 2490, 602
1395, 2510, 2060
1396, 2530, 1088
1397, 2550, 1556
1398, 2571, 836
1399, 2592, 1808
1400, 2610, 1323
1401, 2623, 603
1402, 3741, 2061
1403, 3761, 1089
1404, 3779, 1557
1405, 3801, 837
1406, 455, 1809
1407, 1943, 3827
1408, 1107, 3449
1409, 568, 3764
1410, 508, 3533
1411, 511, 3450
1412, 1923, 3828
1413, 555, 3765
1414, 558, 3534
1415, 1075, 2462
1416, 964, 2399
1417, 976, 2525
1418, 1000, 2441
1419, 1024, 2483
1420, 1048, 2420
1421, 928, 2504
1422, 904, 2467
1423, 884, 2404
1424, 860, 2530
1425, 2316, 2446
1426, 3509, 2425
1427, 3507, 2488
1428, 3480, 2509
1429, 3515, 2466
1430, 570, 2403
1431, 513, 2529
1432, 514, 2445
1433, 515, 2424
1434, 562, 2487
1435, 561, 2508
1436, 560, 2486
1437, 565, 2423
1438, 598, 2507
1439, 596, 2464
1440, 597, 2401
1441, 595, 2527
1442, 594, 2443
1443, 506, 2485
1444, 600, 2422
1445, 599, 2506
1446, 2361, 2463
1447, 3696, 2400
1448, 3695, 2526
1449, 3688, 2442
1450, 3698, 2484
1451, 572, 2421
1452, 543, 2505
1453, 544, 3457
1454, 1925, 3835
1455, 563, 3772
1456, 564, 3541
1457, 1077, 3456
1458, 966, 3834
1459, 978, 3771
1460, 1002, 3540
1461, 1026, 2637
1462, 1050, 2636
1463, 930, 1559
1464, 906, 839
1465, 886, 1811
1466, 862, 1327
1467, 2319, 607
1468, 3513, 2065
1469, 3514, 1093
1470, 3489, 1561
1471, 3519, 841
1472, 567, 1813
1473, 507, 1326
1474, 510, 606
1475, 1922, 2064
1476, 554, 1092
1477, 557, 1560
1478, 1074, 840
1479, 963, 1812
1480, 975, 1568
1481, 999, 848
1482, 1023, 1820
1483, 1047, 1334
1484, 927, 614
1485, 903, 2072
1486, 883, 1100
1487, 859, 2182
1488, 2317, 2245
1489, 3510, 2266
1490, 3508, 2224
1491, 3481, 2161
1492, 3516, 2287
1493, 630, 2203
1494, 625, 2308
1495, 663, 1567
1496, 659, 847
1497, 693, 1819
1498, 697, 1333
1499, 689, 613
1500, 687, 2071
1501, 683, 1099
1502, 615, 2641
1503, 699, 2431
1504, 705, 2494
1505, 707, 2515
1506, 709, 2473
1507, 704, 2410
1508, 702, 2536
1509, 2363, 2452
1510, 3701, 2433
1511, 3697, 2496
1512, 3689, 2517
1513, 3709, 2475
1514, 569, 2412
1515, 509, 2538
1516, 512, 2454
1517, 1924, 2434
1518, 556, 2497
1519, 559, 2518
1520, 1076, 2476
1521, 965, 2413
1522, 977, 2539
1523, 1001, 2455
1524, 1025, 2432
1525, 1049, 2495
1526, 929, 2516
1527, 905, 2474
1528, 885, 2411
1529, 861, 2537
1530, 2318, 2453
1531, 3512, 2435
1532, 3511, 2498
1533, 3487, 2519
1534, 3517, 2477
1535, 2028, 2414
1536, 2011, 2540
1537, 1995, 2456
1538, 1967, 3469
1539, 2051, 3847
1540, 1879, 3784
1541, 2109, 3553
1542, 1895, 2646
1543, 1903, 2645
1544, 1899, 2582
1545, 1887, 2644
1546, 1855, 2581
1547, 1871, 2642
1548, 1867, 2643
1549, 1710, 2831
1550, 2072, 2638
1551, 2357, 1562
1552, 3637, 842
1553, 3645, 1814
1554, 3619, 1328
1555, 3617, 608
1556, 1397, 2066
1557, 1404, 1094
1558, 1382, 1329
1559, 1463, 609
1560, 1477, 2067
1561, 1470, 1095
1562, 1551, 1563
1563, 1562, 843
1564, 1572, 1815
1565, 1579, 1566
1566, 1565, 846
1567, 1495, 1818
1568, 1480, 1332
1569, 1327, 612
1570, 1335, 2070
1571, 1342, 1098
1572, 2367, 1564
1573, 3713, 844
1574, 3716, 1816
1575, 3718, 1330
1576, 3731, 610
1577, 2759, 2068
1578, 2933, 1096
1579, 2973, 1565
1580, 2953, 845
1581, 2913, 1817
1582, 2893, 1331
1583, 2832, 611
1584, 1632, 2069
1585, 1648, 1097
1586, 1686, 2640
1587, 1672, 2639
1588, 1678, 2426
1589, 1663, 2489
1590, 1655, 2510
1591, 1357, 2468
1592, 1364, 2405
1593, 2341, 2531
1594, 3587, 2447
1595, 3649, 2428
1596, 3672, 2491
1597, 3657, 2512
1598, 3188, 2470
1599, 3214, 2407
1600, 3316, 2533
1601, 3223, 2449
1602, 3245, 2492
1603, 3145, 2429
1604, 3293, 2513
1605, 3014, 2471
1606, 3036, 2408
1607, 3301, 2534
1608, 3070, 2450
1609, 3091, 2427
1610, 3284, 2490
1611, 3115, 2511
1612, 2870, 2469
1613, 3275, 2406
1614, 2387, 2532
1615, 3629, 2448
1616, 3843, 2430
1617, 3675, 2493
1618, 3663, 2514
1619, 2703, 2472
1620, 2925, 2409
1621, 2965, 2535
1622, 2945, 2451
1623, 2908, 1312
1624, 2889, 592
1625, 2429, 2050
1626, 2447, 1078
1627, 2467, 2221
1628, 2487, 2158
1629, 2507, 2284
1630, 2526, 2200
1631, 2546, 864
1632, 2567, 1584
1633, 2589, 1836
1634, 2607, 1350
1635, 2633, 630
1636, 3751, 2088
1637, 3771, 1116
1638, 3788, 2574
1639, 3813, 3792
1640, 2700, 3603
1641, 2922, 3813
1642, 2962, 3519
1643, 2942, 3793
1644, 2902, 3604
1645, 2882, 3814
1646, 1112, 3520
1647, 1115, 865
1648, 1118, 1585
1649, 1121, 1837
1650, 1124, 631
1651, 1127, 1351
1652, 1130, 2089
1653, 1133, 1117
1654, 1139, 2575
1655, 1136, 1590
1656, 1142, 870
1657, 2265, 1842
1658, 2301, 1356
1659, 2308, 636
1660, 2305, 2094
1661, 646, 1122
1662, 640, 2580
1663, 633, 1589
1664, 1932, 869
1665, 618, 1841
1666, 653, 635
1667, 1083, 1355
1668, 972, 2093
1669, 984, 1121
1670, 1008, 2579
1671, 1032, 867
1672, 1056, 1587
1673, 936, 1839
1674, 912, 633
1675, 888, 1353
1676, 864, 2091
1677, 2320, 1119
1678, 3528, 1588
1679, 3524, 868
1680, 3520, 1840
1681, 3534, 634
1682, 647, 1354
1683, 641, 2092
1684, 635, 1120
1685, 631, 866
1686, 619, 1586
1687, 655, 1838
1688, 651, 632
1689, 671, 1352
1690, 669, 2090
1691, 674, 1118
1692, 675, 2578
1693, 677, 2577
1694, 665, 2576
1695, 667, 2223
1696, 681, 2160
1697, 679, 2286
1698, 2364, 2202
1699, 3706, 2328
1700, 3704, 3610
1701, 3702, 3799
1702, 3710, 3820
1703, 649, 3526
1704, 644, 3609
1705, 637, 3798
1706, 1934, 3819
1707, 621, 3525
1708, 657, 2329
1709, 1086, 829
1710, 974, 1549
1711, 986, 1801
1712, 1010, 595
1713, 1034, 1315
1714, 1058, 2053
1715, 938, 1081
1716, 914, 2560
1717, 890, 594
1718, 866, 1314
1719, 2323, 2052
1720, 3531, 1080
1721, 3527, 2685
1722, 3523, 2748
1723, 3537, 2769
1724, 645, 2727
1725, 639, 2664
1726, 634, 2790
1727, 1931, 2706
1728, 617, 2832
1729, 654, 2811
1730, 1084, 2686
1731, 971, 2749
1732, 983, 2770
1733, 1007, 2665
1734, 1031, 2728
1735, 1055, 2791
1736, 935, 2707
1737, 911, 2667
1738, 887, 2730
1739, 863, 2793
1740, 2321, 2709
1741, 3529, 2687
1742, 3525, 2750
1743, 3521, 2771
1744, 3535, 2666
1745, 650, 2729
1746, 643, 2792
1747, 638, 2708
1748, 632, 2834
1749, 622, 2833
1750, 658, 2812
1751, 652, 2682
1752, 672, 2745
1753, 670, 2766
1754, 673, 2724
1755, 676, 2661
1756, 678, 2787
1757, 666, 2703
1758, 668, 2681
1759, 682, 2744
1760, 680, 2765
1761, 2365, 2723
1762, 3707, 2660
1763, 3705, 2786
1764, 3703, 2702
1765, 3711, 2679
1766, 648, 2742
1767, 642, 2763
1768, 636, 2721
1769, 1933, 2658
1770, 620, 2784
1771, 656, 2700
1772, 1085, 2683
1773, 973, 2746
1774, 985, 2767
1775, 1009, 2725
1776, 1033, 2662
1777, 1057, 2788
1778, 937, 2704
1779, 913, 2830
1780, 889, 2826
1781, 865, 2829
1782, 2322, 2828
1783, 3530, 2680
1784, 3526, 2743
1785, 3522, 2764
1786, 3536, 2722
1787, 2029, 2659
1788, 2013, 2785
1789, 1997, 2701
1790, 1969, 2827
1791, 2053, 1313
1792, 1881, 593
1793, 2111, 2051
1794, 1897, 1079
1795, 1905, 2222
1796, 1901, 2159
1797, 1889, 2285
1798, 1857, 2201
1799, 1873, 3607
1800, 1869, 3796
1801, 1711, 3817
1802, 2073, 3523
1803, 2358, 3795
1804, 3638, 3606
1805, 3646, 3816
1806, 3621, 3522
1807, 3618, 2326
1808, 1399, 2809
1809, 1406, 1306
1810, 1384, 586
1811, 1465, 2044
1812, 1479, 1072
1813, 1472, 2215
1814, 1553, 2152
1815, 1564, 2278
1816, 1574, 2194
1817, 1581, 1311
1818, 1567, 591
1819, 1497, 2049
1820, 1482, 1077
1821, 1329, 2220
1822, 1336, 2157
1823, 1343, 2283
1824, 2368, 2199
1825, 3714, 2325
1826, 3717, 2808
1827, 3720, 1308
1828, 3732, 588
1829, 2761, 2046
1830, 2935, 1074
1831, 2975, 1310
1832, 2955, 590
1833, 2915, 2048
1834, 2895, 1076
1835, 2833, 1309
1836, 1633, 589
1837, 1649, 2047
1838, 1687, 1075
1839, 1673, 2219
1840, 1680, 2156
1841, 1665, 2282
1842, 1657, 2198
1843, 1358, 2217
1844, 1365, 2154
1845, 2342, 2280
1846, 3588, 2196
1847, 3650, 2218
1848, 3674, 2155
1849, 3658, 2281
1850, 3190, 2197
1851, 3216, 2322
1852, 3318, 2323
1853, 3225, 2805
1854, 3247, 2806
1855, 3147, 1546
1856, 3294, 826
1857, 3015, 1798
1858, 3037, 2557
1859, 3302, 2179
1860, 3071, 2242
1861, 3093, 2263
1862, 3286, 2305
1863, 3117, 2181
1864, 2871, 2244
1865, 3276, 2265
1866, 2388, 2307
1867, 3630, 1548
1868, 3844, 828
1869, 3677, 1800
1870, 3664, 2559
1871, 2705, 1547
1872, 2927, 827
1873, 2967, 1799
1874, 2947, 2558
1875, 2910, 2180
1876, 2891, 2243
1877, 2430, 2264
1878, 2448, 2306
1879, 2468, 1540
1880, 2488, 820
1881, 2508, 1792
1882, 2528, 2551
1883, 2548, 2173
1884, 2569, 2236
1885, 2590, 2257
1886, 2608, 2299
1887, 2634, 1545
1888, 3752, 825
1889, 3772, 1797
1890, 3790, 2556
1891, 3814, 2178
1892, 2701, 2241
1893, 2923, 2262
1894, 2963, 2304
1895, 2943, 1542
1896, 2903, 822
1897, 2883, 1794
1898, 1113, 2553
1899, 1116, 1544
1900, 1119, 824
1901, 1122, 1796
1902, 1125, 2555
1903, 1128, 1543
1904, 1131, 823
1905, 1134, 1795
1906, 1140, 2554
1907, 1137, 2240
1908, 1143, 2177
1909, 2266, 2261
1910, 2302, 2303
1911, 2310, 2175
1912, 2306, 2238
1913, 481, 2259
1914, 486, 2301
1915, 484, 2176
1916, 1958, 2239
1917, 492, 2260
1918, 490, 2302
1919, 1098, 1199
1920, 954, 458
1921, 990, 1937
1922, 1014, 1475
1923, 1038, 1412
1924, 1062, 1517
1925, 944, 1454
1926, 920, 1007
1927, 896, 734
1928, 870, 692
1929, 811, 797
1930, 3368, 713
1931, 3338, 1727
1932, 3341, 1664
1933, 3336, 1769
1934, 482, 1706
1935, 488, 1262
1936, 487, 2021
1937, 1921, 965
1938, 494, 1241
1939, 493, 521
1940, 1073, 2000
1941, 553, 542
1942, 749, 1028
1943, 762, 1407
1944, 779, 687
1945, 775, 2145
1946, 776, 1173
1947, 845, 2465
1948, 833, 2402
1949, 815, 2528
1950, 2326, 2444
1951, 3558, 1325
1952, 3484, 605
1953, 3486, 2063
1954, 3482, 1091
1955, 518, 1178
1956, 522, 500
1957, 529, 1979
1958, 1966, 1916
1959, 547, 1283
1960, 550, 563
1961, 1106, 986
1962, 962, 944
1963, 998, 1049
1964, 1022, 1220
1965, 1046, 479
1966, 1070, 1958
1967, 950, 1538
1968, 926, 818
1969, 899, 1790
1970, 878, 2171
1971, 821, 2234
1972, 3375, 2255
1973, 3363, 2549
1974, 3356, 2297
1975, 3353, 1304
1976, 480, 584
1977, 485, 2042
1978, 483, 1070
1979, 1957, 2213
1980, 491, 2150
1981, 489, 2276
1982, 1097, 2192
1983, 953, 3599
1984, 989, 3788
1985, 1013, 3809
1986, 1037, 3515
1987, 1061, 1303
1988, 943, 583
1989, 919, 2041
1990, 895, 1069
1991, 869, 2212
1992, 812, 2149
1993, 3369, 2275
1994, 3339, 2191
1995, 3342, 1537
1996, 3337, 817
1997, 722, 1789
1998, 713, 2170
1999, 725, 2233
2000, 1940, 2254
2001, 734, 2548
2002, 731, 2296
2003, 1092, 1302
2004, 728, 582
2005, 756, 2040
2006, 767, 1068
2007, 794, 2211
2008, 799, 2148
2009, 800, 2274
2010, 852, 2190
2011, 840, 1536
2012, 828, 816
2013, 2332, 1788
2014, 3564, 2169
2015, 3544, 2232
2016, 3545, 2253
2017, 3553, 2547
2018, 629, 2295
2019, 624, 1301
2020, 662, 581
2021, 1936, 2039
2022, 692, 1067
2023, 696, 2210
2024, 1088, 2147
2025, 686, 2273
2026, 752, 2189
2027, 764, 815
2028, 784, 1535
2029, 786, 1787
2030, 788, 2168
2031, 848, 2231
2032, 836, 2252
2033, 824, 2546
2034, 2329, 2294
2035, 3561, 3596
2036, 3483, 3785
2037, 3485, 3806
2038, 3533, 3512
2039, 2021, 3597
2040, 2005, 3786
2041, 1989, 3807
2042, 1977, 3513
2043, 2045, 1305
2044, 1811, 585
2045, 2103, 2043
2046, 1829, 1071
2047, 1837, 2214
2048, 1833, 2151
2049, 1819, 2277
2050, 1625, 2193
2051, 1793, 1539
2052, 1719, 819
2053, 1714, 1791
2054, 2076, 2550
2055, 2085, 2172
2056, 3456, 2235
2057, 3468, 2256
2058, 3428, 2298
2059, 3424, 3789
2060, 1395, 3600
2061, 1402, 3810
2062, 1380, 3516
2063, 1953, 2183
2064, 1475, 2246
2065, 1468, 2267
2066, 1556, 2225
2067, 1560, 2162
2068, 1577, 2288
2069, 1584, 2204
2070, 1570, 2309
2071, 1500, 830
2072, 1485, 1550
2073, 1332, 1802
2074, 1339, 596
2075, 1346, 1316
2076, 2338, 2054
2077, 3576, 1082
2078, 3580, 2561
2079, 3584, 2163
2080, 3607, 2226
2081, 2749, 2289
2082, 2713, 2205
2083, 2737, 597
2084, 2725, 1317
2085, 2781, 2055
2086, 2769, 1083
2087, 2836, 3801
2088, 1636, 3612
2089, 1652, 3822
2090, 1690, 3528
2091, 1676, 3802
2092, 1683, 3613
2093, 1668, 3823
2094, 1660, 3529
2095, 1361, 2331
2096, 1368, 2814
2097, 1354, 2216
2098, 3406, 2153
2099, 3340, 2279
2100, 3343, 2195
2101, 3390, 1307
2102, 3171, 587
2103, 3175, 2045
2104, 3155, 1073
2105, 3203, 2174
2106, 3233, 2237
2107, 3133, 2258
2108, 2999, 2300
2109, 3018, 1541
2110, 3040, 821
2111, 3055, 1793
2112, 3074, 2552
2113, 3096, 2385
2114, 2987, 2386
2115, 3120, 2391
2116, 2874, 2392
2117, 2396, 2389
2118, 2378, 2388
2119, 3440, 2378
2120, 3832, 2379
2121, 3382, 2381
2122, 3410, 2383
2123, 2691, 2382
2124, 2661, 2398
2125, 2402, 2397
2126, 2671, 2395
2127, 2685, 2394
2128, 2416, 2810
2129, 2433, 2327
2130, 2451, 2324
2131, 2471, 2807
2132, 2491, 2330
2133, 2511, 2813
2134, 2531, 2390
2135, 2551, 2387
2136, 2572, 2380
2137, 2593, 2393
2138, 2611, 2384
2139, 2624, 2396
2140, 3742, 3573
2141, 3762, 3447
2142, 3780, 3741
2143, 3802, 3657
2144, 479, 3636
2145, 1945, 3678
2146, 1109, 3510
2147, 2024, 3489
2148, 2008, 3594
2149, 1992, 3699
2150, 1980, 3762
2151, 2048, 3720
2152, 1814, 3846
2153, 2098, 3468
2154, 1844, 3783
2155, 1848, 3552
2156, 1840, 3615
2157, 1822, 3804
2158, 1628, 3825
2159, 1796, 3531
2160, 1696, 3556
2161, 1491, 3430
2162, 2067, 3724
2163, 2079, 3640
2164, 3450, 3619
2165, 3462, 3661
2166, 3418, 3493
2167, 3376, 3472
2168, 2030, 3682
2169, 2014, 3577
2170, 1998, 3745
2171, 1970, 3703
2172, 2055, 3644
2173, 1883, 3623
2174, 2105, 3665
2175, 1911, 3497
2176, 1915, 3434
2177, 1908, 3560
2178, 1891, 3728
2179, 1859, 3476
2180, 1875, 3686
2181, 1863, 3581
2182, 1487, 3749
2183, 2063, 3707
2184, 2353, 3437
2185, 3633, 3563
2186, 3641, 3731
2187, 3590, 3647
2188, 3568, 3626
2189, 2026, 3668
2190, 2010, 3500
2191, 1994, 3479
2192, 1982, 3689
2193, 2050, 3584
2194, 1816, 3752
2195, 2100, 3710
2196, 1846, 3566
2197, 1850, 3440
2198, 1842, 3734
2199, 1824, 3650
2200, 1630, 3629
2201, 1798, 3671
2202, 1698, 3503
2203, 1493, 3482
2204, 2069, 3587
2205, 2082, 3692
2206, 3453, 3755
2207, 3465, 3713
2208, 3421, 3569
2209, 3379, 3443
2210, 2023, 3737
2211, 2007, 3653
2212, 1991, 3632
2213, 1979, 3674
2214, 2047, 3506
2215, 1813, 3485
2216, 2097, 3590
2217, 1843, 3695
2218, 1847, 3758
2219, 1839, 3716
2220, 1821, 3458
2221, 1627, 3836
2222, 1795, 3773
2223, 1695, 3542
2224, 1490, 3842
2225, 2066, 3464
2226, 2080, 3779
2227, 3451, 3548
2228, 3463, 3451
2229, 3419, 3829
2230, 3377, 3766
2231, 2031, 3535
2232, 2015, 3455
2233, 1999, 3833
2234, 1971, 3770
2235, 2056, 3539
2236, 1884, 3839
2237, 2106, 3461
2238, 1912, 3776
2239, 1916, 3545
2240, 1907, 3608
2241, 1892, 3797
2242, 1860, 3818
2243, 1876, 3524
2244, 1864, 3794
2245, 1488, 3605
2246, 2064, 3815
2247, 2352, 3521
2248, 3632, 3598
2249, 3640, 3787
2250, 3589, 3808
2251, 3569, 3514
2252, 2032, 3611
2253, 2016, 3800
2254, 2000, 3821
2255, 1972, 3527
2256, 2057, 3791
2257, 1885, 3602
2258, 2107, 3812
2259, 1913, 3518
2260, 1917, 3614
2261, 1909, 3803
2262, 1893, 3824
2263, 1861, 3530
2264, 1877, 937
2265, 1865, 1657
2266, 1489, 1909
2267, 2065, 3445
2268, 2354, 3571
2269, 3634, 3739
2270, 3642, 3655
2271, 3591, 3634
2272, 3570, 3676
2273, 2025, 3508
2274, 2009, 3487
2275, 1993, 3697
2276, 1981, 3592
2277, 2049, 3760
2278, 1815, 3718
2279, 2099, 3466
2280, 1845, 3844
2281, 1849, 3781
2282, 1841, 3550
2283, 1823, 2647
2284, 1629, 3572
2285, 1797, 3446
2286, 1697, 3740
2287, 1492, 3656
2288, 2068, 3635
2289, 2081, 3677
2290, 3452, 3509
2291, 3464, 3488
2292, 3420, 3593
2293, 3378, 3698
2294, 2034, 3761
2295, 2018, 3719
2296, 2002, 3845
2297, 1974, 3467
2298, 2058, 3782
2299, 1886, 3551
2300, 2108, 938
2301, 1914, 1658
2302, 1918, 1910
2303, 1910, 2648
2304, 1894, 940
2305, 1862, 1660
2306, 1878, 1912
2307, 1866, 2650
2308, 1494, 1659
2309, 2070, 939
2310, 2355, 1911
2311, 3635, 2649
2312, 3643, 705
2313, 3592, 747
2314, 3609, 810
2315, 2756, 726
2316, 2720, 1425
2317, 2743, 1488
2318, 2731, 1530
2319, 2787, 1467
2320, 2775, 1677
2321, 2847, 1740
2322, 1851, 1782
2323, 1852, 1719
2324, 2130, 471
2325, 1825, 1212
2326, 1807, 1950
2327, 2129, 1020
2328, 1699, 1275
2329, 1708, 2034
2330, 2132, 534
2331, 2095, 1254
2332, 3458, 2013
2333, 3470, 978
2334, 3445, 555
2335, 3442, 1041
2336, 3180, 1338
2337, 3178, 618
2338, 3158, 2076
2339, 3206, 1104
2340, 3236, 873
2341, 3136, 1593
2342, 3002, 1845
2343, 3022, 2415
2344, 3044, 2478
2345, 3058, 2541
2346, 3078, 2457
2347, 3100, 2583
2348, 2990, 2688
2349, 3123, 2751
2350, 2877, 2772
2351, 2399, 2835
2352, 2381, 2247
2353, 3461, 2184
2354, 3835, 2268
2355, 3444, 2310
2356, 3443, 831
2357, 2698, 1551
2358, 2668, 1803
2359, 2409, 2562
2360, 2678, 768
2361, 2688, 1446
2362, 2419, 789
2363, 2437, 1509
2364, 2457, 1698
2365, 2477, 1761
2366, 2497, 852
2367, 2517, 1572
2368, 2537, 1824
2369, 2557, 2499
2370, 2577, 2436
2371, 2597, 2520
2372, 2615, 2940
2373, 2627, 3003
2374, 3745, 3066
2375, 3765, 2982
2376, 3783, 660
2377, 3807, 1380
2378, 2119, 2118
2379, 2120, 1146
2380, 2136, 3087
2381, 2121, 2352
2382, 2123, 2961
2383, 2122, 3024
2384, 2138, 3045
2385, 2113, 3108
2386, 2114, 894
2387, 2135, 1614
2388, 2118, 1866
2389, 2117, 2604
2390, 2134, 2939
2391, 2115, 3002
2392, 2116, 3065
2393, 2137, 2981
2394, 2127, 659
2395, 2126, 1379
2396, 2139, 2117
2397, 2125, 1145
2398, 2124, 3086
2399, 1416, 2351
2400, 1447, 667
2401, 1440, 1387
2402, 1948, 2125
2403, 1430, 1153
2404, 1423, 3241
2405, 1592, 3178
2406, 1613, 3304
2407, 1599, 3220
2408, 1606, 3325
2409, 1620, 2359
2410, 1507, 3244
2411, 1528, 3181
2412, 1514, 3307
2413, 1521, 3223
2414, 1535, 670
2415, 2343, 1390
2416, 3601, 2128
2417, 3597, 1156
2418, 3593, 3328
2419, 3610, 2362
2420, 1420, 3203
2421, 1451, 3266
2422, 1444, 3287
2423, 1437, 3245
2424, 1433, 3182
2425, 1426, 3308
2426, 1588, 3224
2427, 1609, 3350
2428, 1595, 905
2429, 1603, 1625
2430, 1616, 1877
2431, 1503, 671
2432, 1524, 1391
2433, 1510, 2129
2434, 1517, 1157
2435, 1531, 2615
2436, 2370, 3329
2437, 3728, 2363
2438, 3725, 3204
2439, 3722, 3267
2440, 3733, 3288
2441, 1418, 3246
2442, 1449, 3183
2443, 1442, 3309
2444, 1950, 3225
2445, 1432, 3351
2446, 1425, 906
2447, 1594, 1626
2448, 1615, 1878
2449, 1601, 672
2450, 1608, 1392
2451, 1622, 2130
2452, 1509, 1158
2453, 1530, 2616
2454, 1516, 3372
2455, 1523, 2868
2456, 1537, 3330
2457, 2346, 2364
2458, 3604, 3205
2459, 3600, 3268
2460, 3596, 3289
2461, 3613, 3247
2462, 1415, 3184
2463, 1446, 3310
2464, 1439, 3226
2465, 1947, 3352
2466, 1429, 907
2467, 1422, 1627
2468, 1591, 1879
2469, 1612, 673
2470, 1598, 1393
2471, 1605, 2131
2472, 1619, 1159
2473, 1506, 2617
2474, 1527, 3373
2475, 1513, 2869
2476, 1520, 3331
2477, 1534, 2365
2478, 2344, 3206
2479, 3602, 3269
2480, 3598, 3290
2481, 3594, 3248
2482, 3611, 3185
2483, 1419, 3311
2484, 1450, 3227
2485, 1443, 3353
2486, 1436, 908
2487, 1434, 1628
2488, 1427, 1880
2489, 1589, 674
2490, 1610, 1394
2491, 1596, 2132
2492, 1602, 1160
2493, 1617, 2618
2494, 1504, 3374
2495, 1525, 2870
2496, 1511, 3332
2497, 1518, 2366
2498, 1532, 3207
2499, 2369, 3270
2500, 3727, 3291
2501, 3724, 3249
2502, 3721, 3186
2503, 3734, 3312
2504, 1421, 3228
2505, 1452, 3354
2506, 1445, 909
2507, 1438, 1629
2508, 1435, 1881
2509, 1428, 675
2510, 1590, 1395
2511, 1611, 2133
2512, 1597, 1161
2513, 1604, 2619
2514, 1618, 3375
2515, 1505, 2871
2516, 1526, 3333
2517, 1512, 2367
2518, 1519, 3208
2519, 1533, 3271
2520, 2371, 3292
2521, 3729, 3250
2522, 3726, 3187
2523, 3723, 3313
2524, 3735, 3229
2525, 1417, 3355
2526, 1448, 1630
2527, 1441, 910
2528, 1949, 1882
2529, 1431, 676
2530, 1424, 1396
2531, 1593, 2134
2532, 1614, 1162
2533, 1600, 2620
2534, 1607, 3376
2535, 1621, 2872
2536, 1508, 3334
2537, 1529, 2368
2538, 1515, 3209
2539, 1522, 3272
2540, 1536, 3293
2541, 2345, 3188
2542, 3603, 3251
2543, 3599, 3314
2544, 3595, 3230
2545, 3612, 3356
2546, 2033, 1631
2547, 2017, 911
2548, 2001, 1883
2549, 1973, 677
2550, 2054, 1397
2551, 1882, 2135
2552, 2112, 1163
2553, 1898, 2621
2554, 1906, 3377
2555, 1902, 2873
2556, 1890, 3335
2557, 1858, 2369
2558, 1874, 3210
2559, 1870, 3273
2560, 1716, 3294
2561, 2078, 3252
2562, 2359, 3189
2563, 3639, 3315
2564, 3647, 3231
2565, 3622, 3357
2566, 3623, 3336
2567, 2766, 1632
2568, 2940, 912
2569, 2976, 1884
2570, 2956, 678
2571, 2916, 1398
2572, 2896, 2136
2573, 2838, 1164
2574, 1638, 2622
2575, 1654, 3378
2576, 1694, 2874
2577, 1693, 2370
2578, 1692, 3211
2579, 1670, 3274
2580, 1662, 3295
2581, 1546, 3190
2582, 1544, 3253
2583, 2347, 3316
2584, 3615, 3232
2585, 3651, 3379
2586, 3686, 3358
2587, 3670, 3337
2588, 3192, 913
2589, 3218, 1633
2590, 3319, 1885
2591, 3226, 679
2592, 3248, 1399
2593, 3148, 2137
2594, 3295, 1165
2595, 3020, 2623
2596, 3042, 2875
2597, 3303, 2371
2598, 3076, 3212
2599, 3098, 3275
2600, 3287, 3296
2601, 3122, 3191
2602, 2876, 3254
2603, 3277, 3317
2604, 2389, 3233
2605, 3631, 3359
2606, 3845, 914
2607, 3687, 1634
2608, 3671, 1886
2609, 2710, 680
2610, 2932, 1400
2611, 2972, 2138
2612, 2951, 1166
2613, 2911, 2624
2614, 2892, 3338
2615, 2435, 2372
2616, 2453, 3401
2617, 2473, 3149
2618, 2493, 3192
2619, 2513, 3255
2620, 2533, 3318
2621, 2553, 3234
2622, 2574, 681
2623, 2595, 1401
2624, 2613, 2139
2625, 2635, 1167
2626, 3753, 3339
2627, 3773, 2373
2628, 3791, 3213
2629, 3815, 3276
2630, 2702, 3297
2631, 2924, 3360
2632, 2964, 915
2633, 2944, 1635
2634, 2904, 1887
2635, 2884, 2625
2636, 1462, 3402
2637, 1461, 3150
2638, 1550, 3427
2639, 1587, 3426
2640, 1586, 3425
2641, 1502, 3424
2642, 1547, 3423
2643, 1548, 3422
2644, 1545, 3421
2645, 1543, 3420
2646, 1542, 3419
2647, 2283, 3418
2648, 2303, 3417
2649, 2311, 3416
2650, 2307, 3415
2651, 2752, 3414
2652, 2716, 3413
2653, 2740, 3412
2654, 2728, 3411
2655, 2784, 3410
2656, 2772, 3409
2657, 2843, 3408
2658, 1769, 3407
2659, 1787, 666
2660, 1762, 1386
2661, 1755, 2124
2662, 1776, 1152
2663, 1323, 3240
2664, 1725, 3177
2665, 1733, 3303
2666, 1744, 3219
2667, 1737, 3324
2668, 3434, 2358
2669, 3430, 668
2670, 3392, 1388
2671, 3396, 2126
2672, 2763, 1154
2673, 2936, 3242
2674, 2977, 3179
2675, 2957, 3305
2676, 2917, 3221
2677, 2897, 3326
2678, 2839, 2360
2679, 1765, 3243
2680, 1783, 3180
2681, 1758, 3306
2682, 1751, 3222
2683, 1772, 669
2684, 1320, 1389
2685, 1721, 2127
2686, 1730, 1155
2687, 1741, 3327
2688, 2348, 2361
2689, 3624, 665
2690, 3652, 1385
2691, 3682, 2123
2692, 3659, 1151
2693, 2754, 3239
2694, 2718, 3176
2695, 2742, 3302
2696, 2730, 3218
2697, 2786, 3323
2698, 2774, 2357
2699, 2845, 920
2700, 1771, 1640
2701, 1789, 1892
2702, 1764, 2630
2703, 1757, 1619
2704, 1778, 899
2705, 1326, 1871
2706, 1727, 3260
2707, 1736, 3197
2708, 1747, 3281
2709, 1740, 3344
2710, 3437, 2609
2711, 3433, 1344
2712, 3395, 624
2713, 3399, 2082
2714, 2751, 1110
2715, 2715, 2715
2716, 2739, 2652
2717, 2727, 2778
2718, 2783, 2694
2719, 2771, 2799
2720, 2842, 2316
2721, 1768, 3366
2722, 1786, 2862
2723, 1761, 1346
2724, 1754, 626
2725, 1775, 2084
2726, 1324, 1112
2727, 1724, 2717
2728, 1734, 2654
2729, 1745, 2780
2730, 1738, 2696
2731, 3435, 2318
2732, 3431, 2801
2733, 3393, 3368
2734, 3397, 2864
2735, 2762, 1345
2736, 2937, 625
2737, 2978, 2083
2738, 2958, 1111
2739, 2918, 2716
2740, 2898, 2653
2741, 2840, 2779
2742, 1766, 2695
2743, 1784, 2317
2744, 1759, 2800
2745, 1752, 3367
2746, 1773, 2863
2747, 1321, 1343
2748, 1722, 623
2749, 1731, 2081
2750, 1742, 1109
2751, 2349, 2714
2752, 3625, 2651
2753, 3653, 2777
2754, 3681, 2693
2755, 3660, 2798
2756, 2764, 2315
2757, 2938, 3365
2758, 2979, 2861
2759, 2959, 1577
2760, 2919, 857
2761, 2899, 1829
2762, 2841, 2735
2763, 1767, 2672
2764, 1785, 2756
2765, 1760, 2819
2766, 1753, 2567
2767, 1774, 1348
2768, 1322, 628
2769, 1723, 2086
2770, 1732, 1114
2771, 1743, 2719
2772, 2350, 2656
2773, 3626, 2782
2774, 3654, 2698
2775, 3683, 2320
2776, 3661, 2803
2777, 2753, 3370
2778, 2717, 2866
2779, 2741, 1347
2780, 2729, 627
2781, 2785, 2085
2782, 2773, 1113
2783, 2844, 2718
2784, 1770, 2655
2785, 1788, 2781
2786, 1763, 2697
2787, 1756, 2319
2788, 1777, 2802
2789, 1325, 3369
2790, 1726, 2865
2791, 1735, 2902
2792, 1746, 2882
2793, 1739, 2896
2794, 3436, 2895
2795, 3432, 2893
2796, 3394, 2892
2797, 3398, 2898
2798, 2755, 2901
2799, 2719, 2899
2800, 2744, 2890
2801, 2732, 2883
2802, 2788, 2885
2803, 2776, 2886
2804, 2848, 2889
2805, 1853, 2887
2806, 1854, 2923
2807, 2131, 2903
2808, 1826, 2917
2809, 1808, 2916
2810, 2128, 2914
2811, 1729, 2913
2812, 1750, 2919
2813, 2133, 2922
2814, 2096, 2920
2815, 3460, 2911
2816, 3471, 2904
2817, 3448, 2906
2818, 3446, 2907
2819, 2765, 2910
2820, 2939, 2908
2821, 2980, 2891
2822, 2960, 2894
2823, 2920, 2900
2824, 2900, 2897
2825, 2846, 2884
2826, 1780, 2912
2827, 1790, 2915
2828, 1782, 2921
2829, 1781, 2918
2830, 1779, 2905
2831, 1549, 863
2832, 1728, 1583
2833, 1749, 1835
2834, 1748, 1349
2835, 2351, 629
2836, 3627, 2087
2837, 3655, 1115
2838, 3684, 2573
2839, 3668, 2678
2840, 3196, 2741
2841, 3194, 2762
2842, 3311, 2720
2843, 3210, 2657
2844, 3240, 2783
2845, 3140, 2699
2846, 3307, 2825
2847, 3026, 2321
2848, 3048, 2804
2849, 3309, 3371
2850, 3082, 2867
2851, 3104, 2888
2852, 3305, 2909
2853, 3124, 3129
2854, 2878, 2856
2855, 3279, 3380
2856, 2854, 2876
2857, 3819, 3381
2858, 3847, 2877
2859, 3817, 2959
2860, 3417, 3022
2861, 2758, 3043
2862, 2722, 2938
2863, 2746, 3001
2864, 2734, 3064
2865, 2790, 2980
2866, 2778, 3106
2867, 2850, 3127
2868, 2455, 3085
2869, 2475, 892
2870, 2495, 1612
2871, 2515, 1864
2872, 2535, 658
2873, 2555, 1378
2874, 2576, 2116
2875, 2596, 1144
2876, 2856, 2602
2877, 2858, 2350
2878, 3823, 2854
2879, 3825, 3148
2880, 3821, 3400
2881, 3804, 925
2882, 2792, 1645
2883, 2801, 1897
2884, 2825, 2635
2885, 2802, 3202
2886, 2803, 3265
2887, 2805, 3286
2888, 2851, 3349
2889, 2804, 1624
2890, 2800, 904
2891, 2821, 1876
2892, 2796, 2614
2893, 2795, 1582
2894, 2822, 862
2895, 2794, 1834
2896, 2793, 2572
2897, 2824, 2677
2898, 2797, 2740
2899, 2799, 2761
2900, 2823, 2824
2901, 2798, 924
2902, 2791, 1644
2903, 2807, 1896
2904, 2816, 2634
2905, 2830, 3201
2906, 2817, 3264
2907, 2818, 3285
2908, 2820, 1623
2909, 2852, 903
2910, 2819, 1875
2911, 2815, 2613
2912, 2826, 3348
2913, 2811, 1581
2914, 2810, 861
2915, 2827, 1833
2916, 2809, 2571
2917, 2808, 2676
2918, 2829, 2739
2919, 2812, 2760
2920, 2814, 2823
2921, 2828, 921
2922, 2813, 1641
2923, 2806, 1893
2924, 3163, 2631
2925, 3164, 1620
2926, 3150, 900
2927, 3198, 1872
2928, 3228, 3198
2929, 3128, 3261
2930, 2994, 3282
2931, 3009, 3345
2932, 3031, 2610
2933, 3050, 1578
2934, 3065, 858
2935, 3087, 1830
2936, 2981, 2673
2937, 3109, 2736
2938, 2862, 2757
2939, 2390, 2820
2940, 2372, 2568
2941, 3400, 923
2942, 3826, 1643
2943, 3384, 1895
2944, 3412, 2633
2945, 3186, 1622
2946, 3211, 902
2947, 3312, 1874
2948, 3219, 3200
2949, 3241, 3263
2950, 3141, 3284
2951, 3288, 2612
2952, 3005, 3347
2953, 3027, 1580
2954, 3296, 860
2955, 3061, 1832
2956, 3083, 2570
2957, 3280, 2675
2958, 3105, 2738
2959, 2859, 2759
2960, 3270, 2822
2961, 2382, 922
2962, 3571, 1642
2963, 3838, 1894
2964, 3679, 2632
2965, 3665, 1621
2966, 3167, 901
2967, 3168, 1873
2968, 3152, 3199
2969, 3200, 3262
2970, 3230, 3283
2971, 3130, 3346
2972, 2996, 2611
2973, 3011, 1579
2974, 3033, 859
2975, 3052, 1831
2976, 3067, 2569
2977, 3089, 2674
2978, 2984, 2737
2979, 3111, 2758
2980, 2865, 2821
2981, 2393, 2936
2982, 2375, 2999
2983, 3403, 3062
2984, 3829, 2978
2985, 3387, 656
2986, 3415, 1376
2987, 3161, 2114
2988, 3162, 1142
2989, 3149, 3083
2990, 3197, 2348
2991, 3227, 3146
2992, 3127, 3398
2993, 2993, 2993
2994, 3008, 2930
2995, 3030, 3056
2996, 3049, 2972
2997, 3064, 1370
2998, 3086, 650
2999, 2982, 2108
3000, 3108, 1136
3001, 2863, 3077
3002, 2391, 2342
3003, 2373, 3140
3004, 3401, 3392
3005, 3827, 2952
3006, 3385, 3015
3007, 3413, 3036
3008, 3185, 2994
3009, 3212, 2931
3010, 3313, 3057
3011, 3220, 2973
3012, 3242, 3099
3013, 3142, 885
3014, 3289, 1605
3015, 3006, 1857
3016, 3028, 1371
3017, 3297, 651
3018, 3062, 2109
3019, 3084, 1137
3020, 3281, 2595
3021, 3106, 3078
3022, 2860, 2343
3023, 3271, 3141
3024, 2383, 3393
3025, 3572, 3120
3026, 3839, 2847
3027, 3678, 2953
3028, 3666, 3016
3029, 3187, 3037
3030, 3213, 2995
3031, 3314, 2932
3032, 3221, 3058
3033, 3243, 2974
3034, 3143, 3100
3035, 3290, 886
3036, 3007, 1606
3037, 3029, 1858
3038, 3298, 1372
3039, 3063, 652
3040, 3085, 2110
3041, 3282, 1138
3042, 3107, 2596
3043, 2861, 3079
3044, 3272, 2344
3045, 2384, 3142
3046, 3573, 3394
3047, 3840, 3121
3048, 3680, 2848
3049, 3667, 2996
3050, 3166, 2933
3051, 3165, 3059
3052, 3151, 2975
3053, 3199, 1373
3054, 3229, 653
3055, 3129, 2111
3056, 2995, 1139
3057, 3010, 3080
3058, 3032, 2345
3059, 3051, 3143
3060, 3066, 3395
3061, 3088, 2955
3062, 2983, 3018
3063, 3110, 3039
3064, 2864, 2997
3065, 2392, 2934
3066, 2374, 3060
3067, 3402, 2976
3068, 3828, 3102
3069, 3386, 888
3070, 3414, 1608
3071, 3179, 1860
3072, 3177, 1374
3073, 3157, 654
3074, 3205, 2112
3075, 3235, 1140
3076, 3135, 2598
3077, 3001, 3081
3078, 3021, 2346
3079, 3043, 3144
3080, 3057, 3396
3081, 3077, 3123
3082, 3099, 2850
3083, 2989, 2956
3084, 3114, 3019
3085, 2868, 3040
3086, 2398, 2998
3087, 2380, 2935
3088, 3459, 3061
3089, 3834, 2977
3090, 3449, 3103
3091, 3447, 1609
3092, 3191, 889
3093, 3217, 1861
3094, 3315, 655
3095, 3222, 1375
3096, 3244, 2113
3097, 3144, 1141
3098, 3291, 2599
3099, 3012, 3082
3100, 3034, 2347
3101, 3299, 3145
3102, 3068, 3397
3103, 3090, 3124
3104, 3283, 2851
3105, 3112, 2958
3106, 2866, 3021
3107, 3273, 3042
3108, 2385, 3000
3109, 3614, 2937
3110, 3841, 3063
3111, 3685, 2979
3112, 3669, 3105
3113, 3195, 3126
3114, 3193, 3084
3115, 3310, 1611
3116, 3209, 891
3117, 3239, 1863
3118, 3139, 1377
3119, 3306, 657
3120, 3025, 2115
3121, 3047, 1143
3122, 3308, 2601
3123, 3081, 2349
3124, 3103, 2853
3125, 3304, 3147
3126, 3113, 3399
3127, 2867, 2992
3128, 3278, 2929
3129, 2853, 3055
3130, 3818, 2971
3131, 3846, 1369
3132, 3816, 649
3133, 3416, 2107
3134, 3183, 1135
3135, 3181, 3076
3136, 3159, 2341
3137, 3207, 3139
3138, 3237, 3391
3139, 3137, 3118
3140, 3003, 2845
3141, 3023, 2950
3142, 3045, 3013
3143, 3059, 3034
3144, 3079, 3097
3145, 3101, 1603
3146, 2991, 883
3147, 3125, 1855
3148, 2879, 2593
3149, 2617, 2989
3150, 2637, 2926
3151, 3755, 3052
3152, 3837, 2968
3153, 3793, 1366
3154, 3805, 646
3155, 3252, 2104
3156, 3263, 1132
3157, 3268, 3073
3158, 3262, 2338
3159, 3253, 3136
3160, 3261, 3388
3161, 3267, 2987
3162, 3260, 2988
3163, 3259, 2924
3164, 3266, 2925
3165, 3258, 3051
3166, 3257, 3050
3167, 3265, 2966
3168, 3256, 2967
3169, 3255, 1364
3170, 3264, 644
3171, 3254, 2102
3172, 3250, 1130
3173, 3269, 1365
3174, 3249, 645
3175, 3251, 2103
3176, 2694, 1131
3177, 2664, 3072
3178, 2405, 2337
3179, 2674, 3071
3180, 2680, 2336
3181, 2411, 3135
3182, 2424, 3387
3183, 2442, 3134
3184, 2462, 3386
3185, 2482, 3008
3186, 2502, 2945
3187, 2522, 3029
3188, 2541, 1598
3189, 2562, 878
3190, 2581, 1850
3191, 2601, 3092
3192, 2618, 2588
3193, 3736, 3114
3194, 3756, 2841
3195, 3774, 3113
3196, 3794, 2840
3197, 2707, 2990
3198, 2928, 2927
3199, 2968, 3053
3200, 2948, 2969
3201, 2905, 1367
3202, 2885, 647
3203, 2420, 2105
3204, 2438, 1133
3205, 2458, 3074
3206, 2478, 2339
3207, 2498, 3137
3208, 2518, 3389
3209, 2538, 3116
3210, 2558, 2843
3211, 2578, 2946
3212, 2598, 3009
3213, 2628, 3030
3214, 3746, 1599
3215, 3766, 879
3216, 3785, 1851
3217, 3808, 3093
3218, 2696, 2589
3219, 2666, 2948
3220, 2407, 3011
3221, 2676, 3032
3222, 2682, 3095
3223, 2413, 1601
3224, 2426, 881
3225, 2444, 1853
3226, 2464, 2591
3227, 2484, 2991
3228, 2504, 2928
3229, 2524, 3054
3230, 2544, 2970
3231, 2564, 1368
3232, 2584, 648
3233, 2604, 2106
3234, 2621, 1134
3235, 3739, 3075
3236, 3759, 2340
3237, 3777, 3138
3238, 3797, 3390
3239, 2693, 3117
3240, 2663, 2844
3241, 2404, 2949
3242, 2673, 3012
3243, 2679, 3033
3244, 2410, 3096
3245, 2423, 1602
3246, 2441, 882
3247, 2461, 1854
3248, 2481, 2592
3249, 2501, 3174
3250, 2521, 3172
3251, 2542, 3175
3252, 2561, 3155
3253, 2582, 3159
3254, 2602, 3171
3255, 2619, 3169
3256, 3737, 3168
3257, 3757, 3166
3258, 3775, 3165
3259, 3795, 3163
3260, 2706, 3162
3261, 2929, 3160
3262, 2969, 3158
3263, 2949, 3156
3264, 2906, 3170
3265, 2886, 3167
3266, 2421, 3164
3267, 2439, 3161
3268, 2459, 3157
3269, 2479, 3173
3270, 2499, 2960
3271, 2519, 3023
3272, 2539, 3044
3273, 2559, 3107
3274, 2579, 893
3275, 2599, 1613
3276, 2629, 1865
3277, 3747, 2603
3278, 3767, 3128
3279, 3784, 2855
3280, 3809, 2957
3281, 2708, 3020
3282, 2930, 3041
3283, 2970, 3104
3284, 2950, 1610
3285, 2907, 890
3286, 2887, 1862
3287, 2422, 2600
3288, 2440, 2951
3289, 2460, 3014
3290, 2480, 3035
3291, 2500, 3098
3292, 2520, 884
3293, 2540, 1604
3294, 2560, 1856
3295, 2580, 2594
3296, 2600, 2954
3297, 2630, 3017
3298, 3748, 3038
3299, 3768, 3101
3300, 3786, 887
3301, 3810, 1607
3302, 2695, 1859
3303, 2665, 2597
3304, 2406, 3125
3305, 2675, 2852
3306, 2681, 3119
3307, 2412, 2846
3308, 2425, 3122
3309, 2443, 2849
3310, 2463, 3115
3311, 2483, 2842
3312, 2503, 2947
3313, 2523, 3010
3314, 2543, 3031
3315, 2563, 3094
3316, 2583, 1600
3317, 2603, 880
3318, 2620, 1852
3319, 3738, 2590
3320, 3758, 642
3321, 3776, 641
3322, 3796, 1195
3323, 2697, 1194
3324, 2667, 1193
3325, 2408, 1361
3326, 2677, 1362
3327, 2687, 517
3328, 2418, 516
3329, 2436, 515
3330, 2456, 1300
3331, 2476, 580
3332, 2496, 1298
3333, 2516, 578
3334, 2536, 1299
3335, 2556, 579
3336, 2566, 1933
3337, 2587, 1996
3338, 2614, 1931
3339, 2626, 1994
3340, 3744, 2099
3341, 3764, 1932
3342, 3782, 1995
3343, 3806, 2100
3344, 2709, 961
3345, 2931, 1003
3346, 2971, 1066
3347, 2952, 960
3348, 2912, 1002
3349, 2888, 1065
3350, 2427, 1128
3351, 2445, 496
3352, 2465, 1237
3353, 2485, 1975
3354, 2505, 495
3355, 2525, 1236
3356, 2545, 1974
3357, 2565, 959
3358, 2586, 1001
3359, 2605, 1064
3360, 2631, 1127
3361, 3749, 494
3362, 3769, 1235
3363, 3787, 1973
3364, 3811, 1192
3365, 2757, 514
3366, 2721, 577
3367, 2745, 1297
3368, 2733, 1930
3369, 2789, 1993
3370, 2777, 958
3371, 2849, 1000
3372, 2454, 1063
3373, 2474, 493
3374, 2494, 1234
3375, 2514, 1972
3376, 2534, 2167
3377, 2554, 2230
3378, 2575, 2293
3379, 2585, 2209
3380, 2855, 663
3381, 2857, 1383
3382, 3822, 2121
3383, 3824, 1149
3384, 3820, 2943
3385, 3798, 3006
3386, 3184, 3069
3387, 3182, 2985
3388, 3160, 643
3389, 3208, 1363
3390, 3238, 2101
3391, 3138, 1129
3392, 3004, 2670
3393, 3024, 2733
3394, 3046, 2796
3395, 3060, 2712
3396, 3080, 2671
3397, 3102, 2734
3398, 2992, 2797
3399, 3126, 2713
3400, 2880, 2941
3401, 2616, 3004
3402, 2636, 3067
3403, 3754, 2983
3404, 3836, 640
3405, 3792, 1360
3406, 3799, 2098
3407, 2658, 1126
3408, 2657, 664
3409, 2656, 1384
3410, 2655, 2122
3411, 2654, 1150
3412, 2653, 2944
3413, 2652, 3007
3414, 2651, 3070
3415, 2650, 2986
3416, 2649, 3133
3417, 2648, 2860
3418, 2647, 2166
3419, 2646, 2229
3420, 2645, 2292
3421, 2644, 2208
3422, 2643, 1321
3423, 2642, 601
3424, 2641, 2059
3425, 2640, 1087
3426, 2639, 1320
3427, 2638, 600
3428, 1150, 2058
3429, 1147, 1086
3430, 2161, 2669
3431, 1168, 2732
3432, 1183, 2795
3433, 1195, 2711
3434, 2176, 2668
3435, 1208, 2731
3436, 1220, 2794
3437, 2184, 2710
3438, 1228, 661
3439, 1240, 1381
3440, 2197, 2119
3441, 1255, 1147
3442, 1266, 2335
3443, 2209, 2356
3444, 1276, 2355
3445, 2267, 2334
3446, 2285, 2818
3447, 2141, 3091
3448, 1288, 2817
3449, 1408, 3090
3450, 1411, 2164
3451, 2228, 2227
3452, 1385, 2290
3453, 1389, 2206
3454, 1374, 598
3455, 2232, 1318
3456, 1457, 2056
3457, 1453, 1084
3458, 2220, 2332
3459, 1308, 3088
3460, 1371, 2815
3461, 2237, 2353
3462, 1313, 2165
3463, 1317, 2228
3464, 2225, 2291
3465, 1348, 2207
3466, 2279, 1319
3467, 2297, 599
3468, 2153, 2057
3469, 1538, 1085
3470, 1155, 2333
3471, 1154, 2816
3472, 2167, 1216
3473, 1175, 475
3474, 1187, 1215
3475, 1199, 1214
3476, 2179, 474
3477, 1211, 473
3478, 1223, 1277
3479, 2191, 1278
3480, 1235, 1428
3481, 1243, 1491
3482, 2203, 1954
3483, 1259, 2036
3484, 1271, 1952
3485, 2215, 2037
3486, 1283, 1953
3487, 2274, 1533
3488, 2291, 1023
3489, 2147, 1470
3490, 1291, 1022
3491, 1159, 709
3492, 1153, 708
3493, 2166, 707
3494, 1174, 706
3495, 1186, 751
3496, 1198, 750
3497, 2175, 749
3498, 1207, 748
3499, 1219, 814
3500, 2190, 812
3501, 1234, 811
3502, 1247, 813
3503, 2202, 730
3504, 1258, 729
3505, 1270, 727
3506, 2214, 728
3507, 1282, 1427
3508, 2273, 1490
3509, 2290, 1426
3510, 2146, 1489
3511, 1295, 1532
3512, 2038, 1531
3513, 2042, 1468
3514, 2251, 1469
3515, 1986, 1429
3516, 2062, 1492
3517, 1307, 1534
3518, 2259, 1024
3519, 1642, 1471
3520, 1646, 1680
3521, 2247, 1743
3522, 1806, 1785
3523, 1802, 1722
3524, 2243, 1679
3525, 1707, 1742
3526, 1703, 1784
3527, 2255, 1721
3528, 2090, 1678
3529, 2094, 1741
3530, 2263, 1783
3531, 2159, 1720
3532, 1303, 1279
3533, 1410, 2038
3534, 1414, 1681
3535, 2231, 1744
3536, 1388, 1786
3537, 1392, 1723
3538, 1377, 1256
3539, 2235, 1257
3540, 1460, 557
3541, 1456, 537
3542, 2223, 536
3543, 1311, 558
3544, 1373, 2015
3545, 2239, 2016
3546, 1315, 982
3547, 1319, 981
3548, 2227, 1044
3549, 1351, 980
3550, 2282, 1043
3551, 2299, 1258
3552, 2155, 538
3553, 1541, 2017
3554, 1149, 559
3555, 1148, 1045
3556, 2160, 472
3557, 1169, 1213
3558, 1184, 1951
3559, 1196, 1021
3560, 2177, 1276
3561, 1209, 2035
3562, 1221, 535
3563, 2185, 1255
3564, 1229, 2014
3565, 1241, 979
3566, 2196, 556
3567, 1256, 1042
3568, 1267, 2188
3569, 2208, 2251
3570, 1277, 2272
3571, 2268, 2962
3572, 2284, 3025
3573, 2140, 3046
3574, 1289, 1339
3575, 1164, 619
3576, 1161, 2077
3577, 2169, 1105
3578, 1177, 1340
3579, 1189, 620
3580, 1201, 2078
3581, 2181, 1106
3582, 1213, 1341
3583, 1225, 621
3584, 2193, 2079
3585, 1237, 1107
3586, 1248, 874
3587, 2204, 1594
3588, 1260, 1846
3589, 1272, 2250
3590, 2216, 2187
3591, 1285, 2271
3592, 2276, 2313
3593, 2292, 2418
3594, 2148, 2481
3595, 1297, 2544
3596, 2035, 2460
3597, 2039, 2417
3598, 2248, 2480
3599, 1983, 2543
3600, 2060, 2459
3601, 1305, 2416
3602, 2257, 2479
3603, 1640, 2542
3604, 1644, 2458
3605, 2245, 622
3606, 1804, 1342
3607, 1799, 2080
3608, 2240, 1108
3609, 1704, 2314
3610, 1700, 2419
3611, 2252, 2482
3612, 2088, 2545
3613, 2092, 2461
3614, 2260, 3109
3615, 2156, 2584
3616, 1301, 835
3617, 1157, 1555
3618, 1145, 1807
3619, 2164, 1554
3620, 1172, 834
3621, 1181, 1806
3622, 1193, 2565
3623, 2173, 2566
3624, 1205, 2689
3625, 1217, 2752
3626, 2188, 2773
3627, 1232, 2836
3628, 1245, 895
3629, 2200, 1615
3630, 1253, 1867
3631, 1265, 2605
3632, 2212, 2248
3633, 1280, 2185
3634, 2271, 2269
3635, 2288, 2311
3636, 2144, 832
3637, 1292, 1552
3638, 1156, 1804
3639, 1144, 2563
3640, 2163, 2249
3641, 1171, 2186
3642, 1180, 2270
3643, 1192, 2312
3644, 2172, 833
3645, 1204, 1553
3646, 1216, 1805
3647, 2187, 2564
3648, 1231, 875
3649, 1244, 1595
3650, 2199, 1847
3651, 1252, 2585
3652, 1264, 2690
3653, 2211, 2753
3654, 1279, 2774
3655, 2270, 2837
3656, 2287, 877
3657, 2143, 1597
3658, 1293, 1849
3659, 1158, 2692
3660, 1146, 2755
3661, 2165, 2776
3662, 1173, 898
3663, 1182, 1618
3664, 1194, 1870
3665, 2174, 2965
3666, 1206, 3028
3667, 1218, 3049
3668, 2189, 2839
3669, 1233, 3112
3670, 1246, 2587
3671, 2201, 2608
3672, 1254, 1596
3673, 1269, 876
3674, 2213, 1848
3675, 1281, 1617
3676, 2272, 897
3677, 2289, 1869
3678, 2145, 3027
3679, 1294, 2964
3680, 1165, 3048
3681, 1160, 2754
3682, 2168, 2691
3683, 1176, 2775
3684, 1188, 2838
3685, 1200, 3111
3686, 2180, 2586
3687, 1212, 2607
3688, 1224, 1449
3689, 2192, 1512
3690, 1236, 791
3691, 1249, 792
3692, 2205, 771
3693, 1261, 770
3694, 1273, 769
3695, 2217, 1448
3696, 1284, 1447
3697, 2275, 1511
3698, 2293, 1450
3699, 2149, 772
3700, 1296, 790
3701, 1167, 1510
3702, 1163, 1701
3703, 2171, 1764
3704, 1179, 1700
3705, 1191, 1763
3706, 1203, 1699
3707, 2183, 1762
3708, 1215, 793
3709, 1227, 1513
3710, 2195, 1702
3711, 1239, 1765
3712, 1251, 853
3713, 2207, 1573
3714, 1263, 1825
3715, 1275, 854
3716, 2219, 1574
3717, 1287, 1826
3718, 2278, 1575
3719, 2295, 855
3720, 2151, 1827
3721, 1299, 2502
3722, 1152, 2439
3723, 1151, 2523
3724, 2162, 2501
3725, 1170, 2438
3726, 1185, 2522
3727, 1197, 2500
3728, 2178, 2437
3729, 1210, 2521
3730, 1222, 856
3731, 2186, 1576
3732, 1230, 1828
3733, 1242, 2440
3734, 2198, 2503
3735, 1257, 2524
3736, 1268, 3193
3737, 2210, 3256
3738, 1278, 3319
3739, 2269, 3235
3740, 2286, 682
3741, 2142, 1402
3742, 1290, 2140
3743, 1166, 1168
3744, 1162, 3340
3745, 2170, 2374
3746, 1178, 3214
3747, 1190, 3277
3748, 1202, 3298
3749, 2182, 3361
3750, 1214, 916
3751, 1226, 1636
3752, 2194, 1888
3753, 1238, 2626
3754, 1250, 3403
3755, 2206, 3151
3756, 1262, 3194
3757, 1274, 3257
3758, 2218, 3320
3759, 1286, 3236
3760, 2277, 683
3761, 2294, 1403
3762, 2150, 2141
3763, 1298, 1169
3764, 1409, 3341
3765, 1413, 2375
3766, 2230, 3215
3767, 1387, 3278
3768, 1391, 3299
3769, 1376, 3362
3770, 2234, 917
3771, 1459, 1637
3772, 1455, 1889
3773, 2222, 2627
3774, 1310, 3195
3775, 1372, 3258
3776, 2238, 3321
3777, 1314, 3237
3778, 1318, 684
3779, 2226, 1404
3780, 1350, 2142
3781, 2281, 1170
3782, 2298, 3342
3783, 2154, 2376
3784, 1540, 3279
3785, 2036, 3216
3786, 2040, 3300
3787, 2249, 3363
3788, 1984, 1638
3789, 2059, 918
3790, 1304, 1890
3791, 2256, 2628
3792, 1639, 3405
3793, 1643, 3153
3794, 2244, 3196
3795, 1803, 3259
3796, 1800, 3322
3797, 2241, 3238
3798, 1705, 3385
3799, 1701, 3406
3800, 2253, 685
3801, 2087, 1405
3802, 2091, 2143
3803, 2261, 1171
3804, 2157, 2881
3805, 1300, 3154
3806, 2037, 3343
3807, 2041, 2377
3808, 2250, 3217
3809, 1985, 3280
3810, 2061, 3301
3811, 1306, 3364
3812, 2258, 919
3813, 1641, 1639
3814, 1645, 1891
3815, 2246, 2629
3816, 1805, 3132
3817, 1801, 2859
3818, 2242, 3130
3819, 1706, 2857
3820, 1702, 3384
3821, 2254, 2880
3822, 2089, 3382
3823, 2093, 2878
3824, 2262, 3383
3825, 2158, 2879
3826, 1302, 2942
3827, 1407, 3005
3828, 1412, 3068
3829, 2229, 2984
3830, 1386, 662
3831, 1390, 1382
3832, 1375, 2120
3833, 2233, 1148
3834, 1458, 3089
3835, 1454, 2354
3836, 2221, 3404
3837, 1309, 3152
3838, 1370, 2963
3839, 2236, 3026
3840, 1312, 3047
3841, 1316, 3110
3842, 2224, 896
3843, 1349, 1616
3844, 2280, 1868
3845, 2296, 2606
3846, 2152, 3131
3847, 1539, 2858
